Image Number,Distance in mm
1(1).jpg,143.49931972789113
1(2).jpg,64.08707482993196
1(3).jpg,157.4312925170068
