Image Number,Distance in mm
1(1).jpg,489.01224489795914
1(2).jpg,592.1088435374149
