Image Number,Distance in mm,Distance in pixels
1(1).jpg,2.0974856200601506,68.67167919799499
1(2).jpg,2.0974856200601506,68.67167919799499
