Image Number ,Distance in mm
1(1).jpg     ,480.65306122448976
1(2).jpg     ,696.5986394557823
1(3).jpg     ,344.11972789115646
